{
  "project_info": {
    "project_number": "225859632261",
    "firebase_url": "https://fir-tutorial-92d4a.firebaseio.com",
    "project_id": "fir-tutorial-92d4a",
    "storage_bucket": "fir-tutorial-92d4a.appspot.com"
  },
  "client": [
    {
      "client_info": {
        "mobilesdk_app_id": "1:225859632261:android:e3bdc9fa08464df3",
        "android_client_info": {
          "package_name": "com.example.borisho.firebasetut"
        }
      },
      "oauth_client": [
        {
          "client_id": "225859632261-sscstoksja21ur43lveemlk24eb03cda.apps.googleusercontent.com",
          "client_type": 1,
          "android_info": {
            "package_name": "com.example.borisho.firebasetut",
            "certificate_hash": "2f0150eb26fa4bb99d039538f6fd40851ae915ce"
          }
        },
        {
          "client_id": "225859632261-anm0h1aqmvat2blrqlfu7r8jmen9n650.apps.googleusercontent.com",
          "client_type": 3
        }
      ],
      "api_key": [
        {
          "current_key": "AIzaSyAOLiQoQRQZjvQL2Q4ldKAfSzm-uJw8OMk"
        }
      ],
      "services": {
        "analytics_service": {
          "status": 1
        },
        "appinvite_service": {
          "status": 2,
          "other_platform_oauth_client": [
            {
              "client_id": "225859632261-anm0h1aqmvat2blrqlfu7r8jmen9n650.apps.googleusercontent.com",
              "client_type": 3
            }
          ]
        },
        "ads_service": {
          "status": 2
        }
      }
    }
  ],
  "configuration_version": "1"
}